-- phpMyAdmin SQL Dump
-- version 3.4.11.1deb2+deb7u1
-- http://www.phpmyadmin.net
--
-- Host: localhost
-- Generation Time: Oct 01, 2015 at 06:49 PM
-- Server version: 5.5.44
-- PHP Version: 5.4.44-0+deb7u1

SET SQL_MODE="NO_AUTO_VALUE_ON_ZERO";
SET time_zone = "+00:00";


/*!40101 SET @OLD_CHARACTER_SET_CLIENT=@@CHARACTER_SET_CLIENT */;
/*!40101 SET @OLD_CHARACTER_SET_RESULTS=@@CHARACTER_SET_RESULTS */;
/*!40101 SET @OLD_COLLATION_CONNECTION=@@COLLATION_CONNECTION */;
/*!40101 SET NAMES utf8 */;

--
-- Database: `trivago`
--
CREATE DATABASE `trivago` DEFAULT CHARACTER SET latin1 COLLATE latin1_swedish_ci;
USE `trivago`;

-- --------------------------------------------------------

--
-- Table structure for table `adjective`
--

DROP TABLE IF EXISTS `adjective`;
CREATE TABLE IF NOT EXISTS `adjective` (
  `id` int(11) NOT NULL AUTO_INCREMENT,
  `name` varchar(20) COLLATE utf8_unicode_ci NOT NULL,
  `adjective_type_id` int(11) NOT NULL,
  `score` int(11) NOT NULL,
  PRIMARY KEY (`id`),
  KEY `IDX_B73B23147BFA5254` (`adjective_type_id`)
) ENGINE=InnoDB  DEFAULT CHARSET=utf8 COLLATE=utf8_unicode_ci AUTO_INCREMENT=72 ;

--
-- Dumping data for table `adjective`
--

INSERT INTO `adjective` (`id`, `name`, `adjective_type_id`, `score`) VALUES
(1, 'great', 1, 1),
(2, 'good', 1, 1),
(3, 'very nice', 1, 1),
(4, 'amazing', 1, 1),
(5, 'careful', 1, 1),
(6, 'well', 1, 1),
(7, 'helpful', 1, 1),
(8, 'friendly', 1, 1),
(9, 'clean', 1, 1),
(10, 'cleanliness', 1, 1),
(11, 'easy', 1, 1),
(12, 'excellent', 1, 1),
(13, 'top', 1, 1),
(14, 'superb', 1, 1),
(15, 'fantastic', 1, 1),
(16, 'best', 1, 1),
(17, 'comfortable', 1, 1),
(18, 'perfect', 1, 1),
(19, 'love', 1, 1),
(20, 'going to come back', 1, 1),
(21, 'made our stay', 1, 1),
(22, 'was fun', 1, 1),
(23, 'not far from', 1, 1),
(24, 'problem', 2, -1),
(25, 'unfriendly', 2, -1),
(26, 'horrible', 2, -1),
(27, 'stue', 2, -1),
(28, 'unsupported', 2, -1),
(29, 'average', 2, -1),
(30, 'dirty', 2, -1),
(31, 'negative', 2, -1),
(32, 'hell', 2, -1),
(33, 'bad', 2, -1),
(34, 'didn''t work', 2, -1),
(35, 'ancient', 2, -1),
(36, 'cold', 2, -1),
(37, 'tiny', 2, -1),
(38, 'small', 2, -1),
(39, 'hard', 2, -1),
(40, 'uncomfortable', 2, -1),
(41, 'torn', 2, -1),
(42, 'stay away', 2, -1),
(43, 'old', 2, -1),
(44, 'decrepit', 2, -1),
(45, 'terrible', 2, -1),
(46, 'broken', 2, -1),
(48, 'awful', 2, -1),
(49, 'worst', 2, -1),
(50, 'disgusting', 2, -1),
(51, 'falling out', 2, -1),
(52, 'minty', 2, -1),
(53, 'thin', 2, -1),
(54, 'nightmare', 2, -1),
(55, 'freezing', 2, -1),
(56, 'didn''t sleep', 2, -1),
(57, 'rude', 2, -1),
(59, 'fell off', 2, -1),
(60, 'rotten', 2, -1),
(61, 'mess', 2, -1),
(62, 'surly', 2, -1),
(63, 'never', 2, -1),
(68, 'favourite', 1, 1),
(69, 'superb', 1, 1),
(70, 'cute', 1, 1),
(71, 'noisy', 2, -1);

-- --------------------------------------------------------

--
-- Table structure for table `adjective_type`
--

DROP TABLE IF EXISTS `adjective_type`;
CREATE TABLE IF NOT EXISTS `adjective_type` (
  `id` int(11) NOT NULL AUTO_INCREMENT,
  `type` varchar(20) COLLATE utf8_unicode_ci NOT NULL,
  PRIMARY KEY (`id`)
) ENGINE=InnoDB  DEFAULT CHARSET=utf8 COLLATE=utf8_unicode_ci AUTO_INCREMENT=7 ;

--
-- Dumping data for table `adjective_type`
--

INSERT INTO `adjective_type` (`id`, `type`) VALUES
(1, 'Positive'),
(2, 'Negative');

-- --------------------------------------------------------

--
-- Table structure for table `keyword`
--

DROP TABLE IF EXISTS `keyword`;
CREATE TABLE IF NOT EXISTS `keyword` (
  `id` int(11) NOT NULL AUTO_INCREMENT,
  `name` varchar(20) COLLATE utf8_unicode_ci NOT NULL,
  `master_keyword_id` int(11) NOT NULL,
  PRIMARY KEY (`id`),
  KEY `IDX_5A93713B1943E7DC` (`master_keyword_id`)
) ENGINE=InnoDB  DEFAULT CHARSET=utf8 COLLATE=utf8_unicode_ci AUTO_INCREMENT=58 ;

--
-- Dumping data for table `keyword`
--

INSERT INTO `keyword` (`id`, `name`, `master_keyword_id`) VALUES
(2, 'apartment', 1),
(3, 'chamber', 1),
(5, 'hotel', 2),
(6, 'property', 2),
(7, 'lodge', 2),
(8, 'resort', 2),
(10, 'staff', 3),
(11, 'service', 3),
(13, 'crew', 3),
(14, 'he', 3),
(15, 'she', 3),
(16, 'location', 4),
(17, 'spot', 4),
(18, 'breakfast', 5),
(19, 'bed', 6),
(20, 'sleep quality', 6),
(21, 'mattresses', 6),
(22, 'linens', 6),
(23, 'food', 7),
(24, 'dinner', 7),
(25, 'lunch', 7),
(26, 'bathroom', 8),
(27, 'lavatory', 8),
(28, 'shower', 8),
(29, 'toilet', 8),
(30, 'bath', 8),
(31, 'restaurant', 9),
(32, 'pool', 10),
(33, 'spa', 10),
(34, 'wellness', 10),
(35, 'bar', 11),
(36, 'price', 12),
(37, 'bill', 12),
(54, 'room', 1),
(55, 'cosr', 12),
(56, 'ambience', 13),
(57, 'neighbor', 14);

-- --------------------------------------------------------

--
-- Table structure for table `keyword_adjective`
--

DROP TABLE IF EXISTS `keyword_adjective`;
CREATE TABLE IF NOT EXISTS `keyword_adjective` (
  `id` int(11) NOT NULL AUTO_INCREMENT,
  `master_keyword_id` int(11) NOT NULL,
  `adjective_id` int(11) NOT NULL,
  PRIMARY KEY (`id`),
  KEY `IDX_ABC629BB1943E7DC` (`master_keyword_id`),
  KEY `IDX_ABC629BB72CC506E` (`adjective_id`)
) ENGINE=InnoDB  DEFAULT CHARSET=utf8 COLLATE=utf8_unicode_ci AUTO_INCREMENT=787 ;

--
-- Dumping data for table `keyword_adjective`
--

INSERT INTO `keyword_adjective` (`id`, `master_keyword_id`, `adjective_id`) VALUES
(1, 1, 1),
(2, 1, 2),
(3, 1, 3),
(4, 1, 4),
(5, 1, 5),
(6, 1, 6),
(7, 1, 7),
(8, 1, 8),
(9, 1, 9),
(10, 1, 10),
(11, 1, 11),
(12, 1, 12),
(13, 1, 13),
(14, 1, 14),
(15, 1, 15),
(16, 1, 16),
(17, 1, 17),
(18, 1, 18),
(19, 1, 19),
(20, 1, 20),
(21, 1, 21),
(22, 1, 22),
(23, 1, 23),
(24, 1, 24),
(25, 1, 25),
(26, 1, 26),
(27, 1, 27),
(28, 1, 28),
(29, 1, 29),
(30, 1, 30),
(31, 1, 31),
(32, 1, 32),
(33, 1, 33),
(34, 1, 34),
(35, 1, 35),
(36, 1, 36),
(37, 1, 37),
(38, 1, 38),
(39, 1, 39),
(40, 1, 40),
(41, 1, 41),
(42, 1, 42),
(43, 1, 43),
(44, 1, 44),
(45, 1, 45),
(46, 1, 46),
(48, 1, 48),
(49, 1, 49),
(50, 1, 50),
(51, 1, 51),
(52, 1, 52),
(53, 1, 53),
(54, 1, 54),
(55, 1, 55),
(56, 1, 56),
(57, 1, 57),
(59, 1, 59),
(60, 1, 60),
(61, 1, 61),
(62, 1, 62),
(63, 1, 63),
(65, 2, 1),
(66, 2, 2),
(67, 2, 3),
(68, 2, 4),
(69, 2, 5),
(70, 2, 6),
(71, 2, 7),
(72, 2, 8),
(73, 2, 9),
(74, 2, 10),
(75, 2, 11),
(76, 2, 12),
(77, 2, 13),
(78, 2, 14),
(79, 2, 15),
(80, 2, 16),
(81, 2, 17),
(82, 2, 18),
(83, 2, 19),
(84, 2, 20),
(85, 2, 21),
(86, 2, 22),
(87, 2, 23),
(88, 2, 24),
(89, 2, 25),
(90, 2, 26),
(91, 2, 27),
(92, 2, 28),
(93, 2, 29),
(94, 2, 30),
(95, 2, 31),
(96, 2, 32),
(97, 2, 33),
(98, 2, 34),
(99, 2, 35),
(100, 2, 36),
(101, 2, 37),
(102, 2, 38),
(103, 2, 39),
(104, 2, 40),
(105, 2, 41),
(106, 2, 42),
(107, 2, 43),
(108, 2, 44),
(109, 2, 45),
(110, 2, 46),
(112, 2, 48),
(113, 2, 49),
(114, 2, 50),
(115, 2, 51),
(116, 2, 52),
(117, 2, 53),
(118, 2, 54),
(119, 2, 55),
(120, 2, 56),
(121, 2, 57),
(123, 2, 59),
(124, 2, 60),
(125, 2, 61),
(126, 2, 62),
(127, 2, 63),
(129, 3, 1),
(130, 3, 2),
(131, 3, 3),
(132, 3, 4),
(133, 3, 5),
(134, 3, 6),
(135, 3, 7),
(136, 3, 8),
(137, 3, 9),
(138, 3, 10),
(139, 3, 11),
(140, 3, 12),
(141, 3, 13),
(142, 3, 14),
(143, 3, 15),
(144, 3, 16),
(145, 3, 17),
(146, 3, 18),
(147, 3, 19),
(148, 3, 20),
(149, 3, 21),
(150, 3, 22),
(151, 3, 23),
(152, 3, 24),
(153, 3, 25),
(154, 3, 26),
(155, 3, 27),
(156, 3, 28),
(157, 3, 29),
(158, 3, 30),
(159, 3, 31),
(160, 3, 32),
(161, 3, 33),
(162, 3, 34),
(163, 3, 35),
(164, 3, 36),
(165, 3, 37),
(166, 3, 38),
(167, 3, 39),
(168, 3, 40),
(169, 3, 41),
(170, 3, 42),
(171, 3, 43),
(172, 3, 44),
(173, 3, 45),
(174, 3, 46),
(176, 3, 48),
(177, 3, 49),
(178, 3, 50),
(179, 3, 51),
(180, 3, 52),
(181, 3, 53),
(182, 3, 54),
(183, 3, 55),
(184, 3, 56),
(185, 3, 57),
(187, 3, 59),
(188, 3, 60),
(189, 3, 61),
(190, 3, 62),
(191, 3, 63),
(193, 4, 1),
(194, 4, 2),
(195, 4, 3),
(196, 4, 4),
(197, 4, 5),
(198, 4, 6),
(199, 4, 7),
(200, 4, 8),
(201, 4, 9),
(202, 4, 10),
(203, 4, 11),
(204, 4, 12),
(205, 4, 13),
(206, 4, 14),
(207, 4, 15),
(208, 4, 16),
(209, 4, 17),
(210, 4, 18),
(211, 4, 19),
(212, 4, 20),
(213, 4, 21),
(214, 4, 22),
(215, 4, 23),
(216, 4, 24),
(217, 4, 25),
(218, 4, 26),
(219, 4, 27),
(220, 4, 28),
(221, 4, 29),
(222, 4, 30),
(223, 4, 31),
(224, 4, 32),
(225, 4, 33),
(226, 4, 34),
(227, 4, 35),
(228, 4, 36),
(229, 4, 37),
(230, 4, 38),
(231, 4, 39),
(232, 4, 40),
(233, 4, 41),
(234, 4, 42),
(235, 4, 43),
(236, 4, 44),
(237, 4, 45),
(238, 4, 46),
(240, 4, 48),
(241, 4, 49),
(242, 4, 50),
(243, 4, 51),
(244, 4, 52),
(245, 4, 53),
(246, 4, 54),
(247, 4, 55),
(248, 4, 56),
(249, 4, 57),
(251, 4, 59),
(252, 4, 60),
(253, 4, 61),
(254, 4, 62),
(255, 4, 63),
(257, 5, 1),
(258, 5, 2),
(259, 5, 3),
(260, 5, 4),
(261, 5, 5),
(262, 5, 6),
(263, 5, 7),
(264, 5, 8),
(265, 5, 9),
(266, 5, 10),
(267, 5, 11),
(268, 5, 12),
(269, 5, 13),
(270, 5, 14),
(271, 5, 15),
(272, 5, 16),
(273, 5, 17),
(274, 5, 18),
(275, 5, 19),
(276, 5, 20),
(277, 5, 21),
(278, 5, 22),
(279, 5, 23),
(280, 5, 24),
(281, 5, 25),
(282, 5, 26),
(283, 5, 27),
(284, 5, 28),
(285, 5, 29),
(286, 5, 30),
(287, 5, 31),
(288, 5, 32),
(289, 5, 33),
(290, 5, 34),
(291, 5, 35),
(292, 5, 36),
(293, 5, 37),
(294, 5, 38),
(295, 5, 39),
(296, 5, 40),
(297, 5, 41),
(298, 5, 42),
(299, 5, 43),
(300, 5, 44),
(301, 5, 45),
(302, 5, 46),
(304, 5, 48),
(305, 5, 49),
(306, 5, 50),
(307, 5, 51),
(308, 5, 52),
(309, 5, 53),
(310, 5, 54),
(311, 5, 55),
(312, 5, 56),
(313, 5, 57),
(315, 5, 59),
(316, 5, 60),
(317, 5, 61),
(318, 5, 62),
(319, 5, 63),
(321, 6, 1),
(322, 6, 2),
(323, 6, 3),
(324, 6, 4),
(325, 6, 5),
(326, 6, 6),
(327, 6, 7),
(328, 6, 8),
(329, 6, 9),
(330, 6, 10),
(331, 6, 11),
(332, 6, 12),
(333, 6, 13),
(334, 6, 14),
(335, 6, 15),
(336, 6, 16),
(337, 6, 17),
(338, 6, 18),
(339, 6, 19),
(340, 6, 20),
(341, 6, 21),
(342, 6, 22),
(343, 6, 23),
(344, 6, 24),
(345, 6, 25),
(346, 6, 26),
(347, 6, 27),
(348, 6, 28),
(349, 6, 29),
(350, 6, 30),
(351, 6, 31),
(352, 6, 32),
(353, 6, 33),
(354, 6, 34),
(355, 6, 35),
(356, 6, 36),
(357, 6, 37),
(358, 6, 38),
(359, 6, 39),
(360, 6, 40),
(361, 6, 41),
(362, 6, 42),
(363, 6, 43),
(364, 6, 44),
(365, 6, 45),
(366, 6, 46),
(368, 6, 48),
(369, 6, 49),
(370, 6, 50),
(371, 6, 51),
(372, 6, 52),
(373, 6, 53),
(374, 6, 54),
(375, 6, 55),
(376, 6, 56),
(377, 6, 57),
(379, 6, 59),
(380, 6, 60),
(381, 6, 61),
(382, 6, 62),
(383, 6, 63),
(385, 7, 1),
(386, 7, 2),
(387, 7, 3),
(388, 7, 4),
(389, 7, 5),
(390, 7, 6),
(391, 7, 7),
(392, 7, 8),
(393, 7, 9),
(394, 7, 10),
(395, 7, 11),
(396, 7, 12),
(397, 7, 13),
(398, 7, 14),
(399, 7, 15),
(400, 7, 16),
(401, 7, 17),
(402, 7, 18),
(403, 7, 19),
(404, 7, 20),
(405, 7, 21),
(406, 7, 22),
(407, 7, 23),
(408, 7, 24),
(409, 7, 25),
(410, 7, 26),
(411, 7, 27),
(412, 7, 28),
(413, 7, 29),
(414, 7, 30),
(415, 7, 31),
(416, 7, 32),
(417, 7, 33),
(418, 7, 34),
(419, 7, 35),
(420, 7, 36),
(421, 7, 37),
(422, 7, 38),
(423, 7, 39),
(424, 7, 40),
(425, 7, 41),
(426, 7, 42),
(427, 7, 43),
(428, 7, 44),
(429, 7, 45),
(430, 7, 46),
(432, 7, 48),
(433, 7, 49),
(434, 7, 50),
(435, 7, 51),
(436, 7, 52),
(437, 7, 53),
(438, 7, 54),
(439, 7, 55),
(440, 7, 56),
(441, 7, 57),
(443, 7, 59),
(444, 7, 60),
(445, 7, 61),
(446, 7, 62),
(447, 7, 63),
(449, 8, 1),
(450, 8, 2),
(451, 8, 3),
(452, 8, 4),
(453, 8, 5),
(454, 8, 6),
(455, 8, 7),
(456, 8, 8),
(457, 8, 9),
(458, 8, 10),
(459, 8, 11),
(460, 8, 12),
(461, 8, 13),
(462, 8, 14),
(463, 8, 15),
(464, 8, 16),
(465, 8, 17),
(466, 8, 18),
(467, 8, 19),
(468, 8, 20),
(469, 8, 21),
(470, 8, 22),
(471, 8, 23),
(472, 8, 24),
(473, 8, 25),
(474, 8, 26),
(475, 8, 27),
(476, 8, 28),
(477, 8, 29),
(478, 8, 30),
(479, 8, 31),
(480, 8, 32),
(481, 8, 33),
(482, 8, 34),
(483, 8, 35),
(484, 8, 36),
(485, 8, 37),
(486, 8, 38),
(487, 8, 39),
(488, 8, 40),
(489, 8, 41),
(490, 8, 42),
(491, 8, 43),
(492, 8, 44),
(493, 8, 45),
(494, 8, 46),
(496, 8, 48),
(497, 8, 49),
(498, 8, 50),
(499, 8, 51),
(500, 8, 52),
(501, 8, 53),
(502, 8, 54),
(503, 8, 55),
(504, 8, 56),
(505, 8, 57),
(507, 8, 59),
(508, 8, 60),
(509, 8, 61),
(510, 8, 62),
(511, 8, 63),
(513, 9, 1),
(514, 9, 2),
(515, 9, 3),
(516, 9, 4),
(517, 9, 5),
(519, 9, 7),
(520, 9, 8),
(521, 9, 9),
(522, 9, 10),
(523, 9, 11),
(524, 9, 12),
(525, 9, 13),
(526, 9, 14),
(527, 9, 15),
(528, 9, 16),
(529, 9, 17),
(530, 9, 18),
(531, 9, 19),
(532, 9, 20),
(533, 9, 21),
(534, 9, 22),
(535, 9, 23),
(536, 9, 24),
(537, 9, 25),
(538, 9, 26),
(539, 9, 27),
(540, 9, 28),
(541, 9, 29),
(542, 9, 30),
(543, 9, 31),
(544, 9, 32),
(545, 9, 33),
(546, 9, 34),
(547, 9, 35),
(548, 9, 36),
(549, 9, 37),
(550, 9, 38),
(551, 9, 39),
(552, 9, 40),
(553, 9, 41),
(554, 9, 42),
(555, 9, 43),
(556, 9, 44),
(557, 9, 45),
(558, 9, 46),
(560, 9, 48),
(561, 9, 49),
(562, 9, 50),
(563, 9, 51),
(564, 9, 52),
(565, 9, 53),
(566, 9, 54),
(567, 9, 55),
(568, 9, 56),
(569, 9, 57),
(571, 9, 59),
(572, 9, 60),
(573, 9, 61),
(574, 9, 62),
(575, 9, 63),
(577, 10, 1),
(578, 10, 2),
(579, 10, 3),
(580, 10, 4),
(581, 10, 5),
(582, 10, 6),
(583, 10, 7),
(584, 10, 8),
(585, 10, 9),
(586, 10, 10),
(587, 10, 11),
(588, 10, 12),
(589, 10, 13),
(590, 10, 14),
(591, 10, 15),
(592, 10, 16),
(593, 10, 17),
(594, 10, 18),
(595, 10, 19),
(596, 10, 20),
(597, 10, 21),
(598, 10, 22),
(599, 10, 23),
(600, 10, 24),
(601, 10, 25),
(602, 10, 26),
(603, 10, 27),
(604, 10, 28),
(605, 10, 29),
(606, 10, 30),
(607, 10, 31),
(608, 10, 32),
(609, 10, 33),
(610, 10, 34),
(611, 10, 35),
(612, 10, 36),
(613, 10, 37),
(614, 10, 38),
(615, 10, 39),
(616, 10, 40),
(617, 10, 41),
(618, 10, 42),
(619, 10, 43),
(620, 10, 44),
(621, 10, 45),
(622, 10, 46),
(624, 10, 48),
(625, 10, 49),
(626, 10, 50),
(627, 10, 51),
(628, 10, 52),
(629, 10, 53),
(630, 10, 54),
(631, 10, 55),
(632, 10, 56),
(633, 10, 57),
(635, 10, 59),
(636, 10, 60),
(637, 10, 61),
(638, 10, 62),
(639, 10, 63),
(641, 11, 1),
(642, 11, 2),
(643, 11, 3),
(644, 11, 4),
(645, 11, 5),
(646, 11, 6),
(647, 11, 7),
(648, 11, 8),
(649, 11, 9),
(650, 11, 10),
(651, 11, 11),
(652, 11, 12),
(653, 11, 13),
(654, 11, 14),
(655, 11, 15),
(656, 11, 16),
(657, 11, 17),
(658, 11, 18),
(659, 11, 19),
(660, 11, 20),
(661, 11, 21),
(662, 11, 22),
(663, 11, 23),
(664, 11, 24),
(665, 11, 25),
(666, 11, 26),
(667, 11, 27),
(668, 11, 28),
(669, 11, 29),
(670, 11, 30),
(671, 11, 31),
(672, 11, 32),
(673, 11, 33),
(674, 11, 34),
(675, 11, 35),
(676, 11, 36),
(677, 11, 37),
(678, 11, 38),
(679, 11, 39),
(680, 11, 40),
(681, 11, 41),
(682, 11, 42),
(683, 11, 43),
(684, 11, 44),
(685, 11, 45),
(686, 11, 46),
(688, 11, 48),
(689, 11, 49),
(690, 11, 50),
(691, 11, 51),
(692, 11, 52),
(693, 11, 53),
(694, 11, 54),
(695, 11, 55),
(696, 11, 56),
(697, 11, 57),
(699, 11, 59),
(700, 11, 60),
(701, 11, 61),
(702, 11, 62),
(703, 11, 63),
(705, 12, 1),
(706, 12, 2),
(707, 12, 3),
(708, 12, 4),
(709, 12, 5),
(710, 12, 6),
(711, 12, 7),
(712, 12, 8),
(713, 12, 9),
(714, 12, 10),
(715, 12, 11),
(716, 12, 12),
(717, 12, 13),
(718, 12, 14),
(719, 12, 15),
(720, 12, 16),
(721, 12, 17),
(722, 12, 18),
(723, 12, 19),
(724, 12, 20),
(725, 12, 21),
(726, 12, 22),
(727, 12, 23),
(728, 12, 24),
(729, 12, 25),
(730, 12, 26),
(731, 12, 27),
(732, 12, 28),
(733, 12, 29),
(734, 12, 30),
(735, 12, 31),
(737, 12, 33),
(738, 12, 34),
(739, 12, 35),
(740, 12, 36),
(741, 12, 37),
(742, 12, 38),
(743, 12, 39),
(744, 12, 40),
(745, 12, 41),
(746, 12, 42),
(747, 12, 43),
(748, 12, 44),
(749, 12, 45),
(750, 12, 46),
(752, 12, 48),
(753, 12, 49),
(754, 12, 50),
(755, 12, 51),
(756, 12, 52),
(757, 12, 53),
(758, 12, 54),
(759, 12, 55),
(760, 12, 56),
(761, 12, 57),
(763, 12, 59),
(764, 12, 60),
(765, 12, 61),
(766, 12, 62),
(767, 12, 63),
(769, 8, 7),
(770, 1, 1),
(771, 8, 18),
(772, 8, 18),
(773, 8, 18),
(774, 8, 18),
(775, 1, 1),
(776, 1, 1),
(777, 1, 1),
(778, 1, 1),
(779, 1, 1),
(782, 2, 68),
(783, 13, 3),
(784, 3, 69),
(785, 2, 70),
(786, 14, 71);

-- --------------------------------------------------------

--
-- Table structure for table `master_keyword`
--

DROP TABLE IF EXISTS `master_keyword`;
CREATE TABLE IF NOT EXISTS `master_keyword` (
  `id` int(11) NOT NULL AUTO_INCREMENT,
  `name` varchar(20) COLLATE utf8_unicode_ci NOT NULL,
  PRIMARY KEY (`id`)
) ENGINE=InnoDB  DEFAULT CHARSET=utf8 COLLATE=utf8_unicode_ci AUTO_INCREMENT=70 ;

--
-- Dumping data for table `master_keyword`
--

INSERT INTO `master_keyword` (`id`, `name`) VALUES
(1, 'room'),
(2, 'hotel'),
(3, 'staff'),
(4, 'location'),
(5, 'breakfast'),
(6, 'bed'),
(7, 'food'),
(8, 'bathroom'),
(9, 'restaurant'),
(10, 'pool'),
(11, 'bar'),
(12, 'cosr'),
(13, 'ambience'),
(14, 'neighbor');

-- --------------------------------------------------------

--
-- Table structure for table `review`
--

DROP TABLE IF EXISTS `review`;
CREATE TABLE IF NOT EXISTS `review` (
  `id` int(11) NOT NULL AUTO_INCREMENT,
  `text` varchar(2048) COLLATE utf8_unicode_ci NOT NULL,
  `score` int(11) NOT NULL,
  PRIMARY KEY (`id`)
) ENGINE=InnoDB DEFAULT CHARSET=utf8 COLLATE=utf8_unicode_ci AUTO_INCREMENT=1 ;

-- --------------------------------------------------------

--
-- Table structure for table `review_details`
--

DROP TABLE IF EXISTS `review_details`;
CREATE TABLE IF NOT EXISTS `review_details` (
  `id` int(11) NOT NULL AUTO_INCREMENT,
  `review_id` int(11) NOT NULL,
  `keyword_adjective_id` int(11) NOT NULL,
  PRIMARY KEY (`id`),
  KEY `IDX_E9C8BF7D3E2E969B` (`review_id`),
  KEY `IDX_E9C8BF7D990B2C04` (`keyword_adjective_id`)
) ENGINE=InnoDB DEFAULT CHARSET=utf8 COLLATE=utf8_unicode_ci AUTO_INCREMENT=1 ;

--
-- Constraints for dumped tables
--

--
-- Constraints for table `adjective`
--
ALTER TABLE `adjective`
  ADD CONSTRAINT `FK_B73B23147BFA5254` FOREIGN KEY (`adjective_type_id`) REFERENCES `adjective_type` (`id`);

--
-- Constraints for table `keyword`
--
ALTER TABLE `keyword`
  ADD CONSTRAINT `FK_5A93713B1943E7DC` FOREIGN KEY (`master_keyword_id`) REFERENCES `master_keyword` (`id`);

--
-- Constraints for table `keyword_adjective`
--
ALTER TABLE `keyword_adjective`
  ADD CONSTRAINT `FK_ABC629BB72CC506E` FOREIGN KEY (`adjective_id`) REFERENCES `adjective` (`id`) ON DELETE CASCADE,
  ADD CONSTRAINT `FK_ABC629BB1943E7DC` FOREIGN KEY (`master_keyword_id`) REFERENCES `master_keyword` (`id`) ON DELETE CASCADE;

--
-- Constraints for table `review_details`
--
ALTER TABLE `review_details`
  ADD CONSTRAINT `FK_E9C8BF7D3E2E969B` FOREIGN KEY (`review_id`) REFERENCES `review` (`id`) ON DELETE CASCADE,
  ADD CONSTRAINT `FK_E9C8BF7D990B2C04` FOREIGN KEY (`keyword_adjective_id`) REFERENCES `keyword_adjective` (`id`);

/*!40101 SET CHARACTER_SET_CLIENT=@OLD_CHARACTER_SET_CLIENT */;
/*!40101 SET CHARACTER_SET_RESULTS=@OLD_CHARACTER_SET_RESULTS */;
/*!40101 SET COLLATION_CONNECTION=@OLD_COLLATION_CONNECTION */;
